# product 1
insert into products (id, name, price, old_price, loading_date, sold)
values (1, 'black hoody', 39.39, 49.36, now(), 0);
insert into product_category (product_id, category_name) VALUES (1, 'CLOTHING');
insert into product_color (product_id, color_name) VALUES (1, 'BLACK');
insert into product_type (product_id, type_name) VALUES (1, 'HOODIES');

# product 2
insert into products (id, name, price, old_price, loading_date, sold)
values (2, 'black sport shoes', 52.34, 55.89, now(), 0);
insert into product_category (product_id, category_name) VALUES (2, 'SHOES');
insert into product_color (product_id, color_name) VALUES (2, 'BLACK');
insert into product_type (product_id, type_name) VALUES (2, 'SPORT');

# product 3
insert into products (id, name, price, loading_date, sold)
values (3, 'blue hoody', 22.65, now(), 0);
insert into product_category (product_id, category_name) VALUES (3, 'CLOTHING');
insert into product_color (product_id, color_name) VALUES (3, 'BLUE');
insert into product_type (product_id, type_name) VALUES (3, 'HOODIES');


# product 4
insert into products (id, name, price, loading_date, sold)
values (4, 'black shoes', 41.00, now(), 0);
insert into product_category (product_id, category_name) VALUES (4, 'SHOES');
insert into product_color (product_id, color_name) VALUES (4, 'BLACK');
insert into product_type (product_id, type_name) VALUES (4, 'CLASSICAL');

# product 5
insert into products (id, name, price, old_price, loading_date, sold)
values (5, 'green hoody', 46.12, 49.99, now(), 6);
insert into product_category (product_id, category_name) VALUES (5, 'CLOTHING');
insert into product_color (product_id, color_name) VALUES (5, 'GREEN');
insert into product_type (product_id, type_name) VALUES (5, 'HOODIES');

# product 6
insert into products (id, name, price, loading_date, sold)
values (6, 'orange hoody', 56.12, now(), 14);
insert into product_category (product_id, category_name) VALUES (6, 'CLOTHING');
insert into product_color (product_id, color_name) VALUES (6, 'ORANGE');
insert into product_type (product_id, type_name) VALUES (6, 'HOODIES');

# product 7
insert into products (id, name, price, old_price, loading_date, sold)
values (7, 'gray sport shoes', 49.80, 60.55, now(), 7);
insert into product_category (product_id, category_name) VALUES (7, 'SHOES');
insert into product_color (product_id, color_name) VALUES (7, 'GREY');
insert into product_type (product_id, type_name) VALUES (7, 'SPORT');

# product 8
insert into products (id, name, price, old_price, loading_date, sold)
values (8, 'pink sport hoody', 25.45, 30.22, now(), 2);
insert into product_category (product_id, category_name) VALUES (8, 'CLOTHING');
insert into product_color (product_id, color_name) VALUES (8, 'PINK');
insert into product_type (product_id, type_name) VALUES (8, 'SPORT');

# product 9
insert into products (id, name, price, old_price, loading_date, sold)
values (9, 'white clothing', 36.76, 40.56, now(), 15);
insert into product_category (product_id, category_name) VALUES (9, 'CLOTHING');
insert into product_color (product_id, color_name) VALUES (9, 'WHITE');
insert into product_type (product_id, type_name) VALUES (9, 'HOODIES');

# product 10
insert into products (id, name, price, loading_date, sold)
values (10, 'orange sport hoody', 39.78, now(), 7);
insert into product_category (product_id, category_name) VALUES (10, 'CLOTHING');
insert into product_color (product_id, color_name) VALUES (10, 'ORANGE');
insert into product_type (product_id, type_name) VALUES (10, 'SPORT');
insert into product_type (product_id, type_name) VALUES (10, 'HOODIES');

# product 11
insert into products (id, name, price, loading_date, sold)
values (11, 'pink sport shoes', 39.49, now(), 3);
insert into product_category (product_id, category_name) VALUES (11, 'SHOES');
insert into product_color (product_id, color_name) VALUES (11, 'PINK');
insert into product_type (product_id, type_name) VALUES (11, 'SPORT');


# product 12
insert into products (id, name, price, old_price, loading_date, sold)
values (12, 'pink hoody', 34.15, 43.59, now(), 4);
insert into product_category (product_id, category_name) VALUES (12, 'CLOTHING');
insert into product_color (product_id, color_name) VALUES (12, 'PINK');
insert into product_type (product_id, type_name) VALUES (12, 'HOODIES');

# product 13
insert into products (id, name, price, old_price, loading_date, sold)
values (13, 'gray sportswear', 34.51, 39.74, now(), 1);
insert into product_category (product_id, category_name) VALUES (13, 'CLOTHING');
insert into product_color (product_id, color_name) VALUES (13, 'GREY');
insert into product_type (product_id, type_name) VALUES (13, 'SPORT');